word;count
ูู;236
ูู;172
..;130
ู;114
ุนูู;114
.;104
:;88
ุงููู;86
ุ;80
ูุง;58
-;54
ุฃู;52
ูุง;50
ูู;50
ูุง;48
ุ;44
ุงูุฌูุฉ;42
ุงู;38
ูู;36
ูุน;36
ุงู;36
ููุง;34
ูู;34
ุงูุดุนุจ;34
ุนููู;34
ุนู;32
ููู;30
ูุงู;28
ูุทุฑ;28
ููุงู;26
ุฅูู;26
ุซู;26
ุฐูู;26
ุงูู;26
ูู;24
ูุฐุง;24
ุงููุงุณ;24
ุนูููู;24
ูุงู;24
ุฌููู;24
ุฅูุง;22
);22
ููู;20
ุณูุฑูุง;20
ูู;20
ุงูุนุฑุจ;20
ุงูุงุณูุงู;20
(;20
ูุตุฑ;18
ุงูุชู;18
ุงูุฑุฌู;18
ูุฐู;18
ุซูุฑุฉ;18
ุงููุณูููู;18
ุงุจู;16
ุงูุณุคุงู;16
ุงูุญููู;14
ููุง;14
ุงูุฌูุงุจ;14
ููุง;14
ูู;14
ูู;14
ุงูุนุงูู;14
ุตูู;14
ุนูุฏ;14
ุฃู;14
ุงูููุงูุฉ;14
ุนูู;14
ุงูุซูุฑุฉ;14
ุจุนุฏ;14
...;14
ุฃูู;14
ุงูุง;14
ุฏูู;12
ููุงุฉ;12
ููุง;12
ูููุง;12
ูุฑุจุชู;12
ุญุงูุธ;12
ุงูุฐู;12
ุงูุฐู;12
ูุงูุช;12
ุงูุฏุฌุงู;12
ุงูุตุฑุงุท;12
ุบูุฑ;12
ุงูุนุฑุจูุฉ;12
ุงูุนุฑุจูู;12
ูููุง;12
ูุฏ;12
ุงูุฑุณูู;12
ุ;12
ุจูู;12
ุงูุฃุฑุถ;12
ุงูุดูููุฉ;12
ุงูุนุฑุงูู;12
ุงูุณูุณู;12
ุงูุณูุง;12
ูุจู;12
ุชุฌุงุฑุชู;12
ูุถุน;12
ุดูุก;12
ุฃูุง;12
ุฏูู;10
ุงููููุฏ;10
ูุฑุฉ;10
ูุนูู;10
ููุณ;10
ููู;10
ุงูุญูู;10
ุชูู;10
ุงูุฌูุด;10
ุงูุนูู;10
ุงูุดุนูุจ;10
ุชุญุช;10
ูู;10
ูู;10
ุฅุฐุง;10
ุงูุงุฑุถ;10
ุงูุฎููุฌ;10
ุจู;10
ุนู;10
ูููู;10
ุจูุง;10
ุงูุณุนูุฏูุฉ;10
ุงูุง;10
ุฌุงุก;10
ูุงููู;8
ูููู;8
ุฏููุงุฑ;8
ููุฏูุ;8
ุฏูู;8
ุงุญูุง;8
ุงููุงุฏุฉ;8
ุงุฐุง;8
ููุช:;8
ููู;8
ุงูุฑูุณ;8
ููุงู;8
ููู;8
ุชุฑุงูุจ;8
ุณุจุญุงู;8
,,,;8
ููู;8
ุนููุง;8
ูุฌุฑุฏ;8
ูุณูุท;8
ุงูุณูุทุฉ;8
ูุฏ;8
ูุฏูุฑ;8
ุงูุฌุฒูุฑุฉ;8
ูุนู.;8
ูู;8
ุดููู;8
ุฒูุฌุชู;8
ูุงู:;8
ูุคูุงุก;8
ุฏููุฉ;8
ูููู;8
ุงูุนุฒูุฒ;8
ูุณุฃููุง;8
ุฏู;8
ุจู;8
ุฅู;8
ูุฃูู;8
ุงูุฏูู;8
ูุนู;8
ุุ;8
ุนูููุง;8
ุงูุฏูุงุนุด;8
ุฑุฌู;8
ุจุนุถ;8
ุซูุฑู;8
ุฃูู;8
ุงูุณูุงูุงุช;8
ูุญู;8
ููุฑ;8
ุฃูู;8
ููู;8
ูููุณ;8
ุงูุฅุณูุงู;8
ูุดู;8
ูุฃูุณู;6
ุณุฌูู;6
ุฃุฑุถ;6
ุงูุณููุง;6
ูุบูุฑ;6
ุจููุช;6
ุดุฎุต;6
ูุฃุชู;6
ููุง;6
ุงูุงุณูุงููุฉ;6
ุงูุงูุงุก;6
ูููู;6
ุชูุฏูู;6
ุณูู;6
ููุง;6
ููู;6
ุงูุญู;6
ููู;6
/ุชุนุฒูู;6
#ุฑุงูุถู;6
(ุฏูุฉ;6
ุงูุฑุฃุฉ;6
ููู;6
ููู;6
ุจุงุณูู;6
ุนูููุฉ;6
ูุฏููุฉ;6
ููู;6
ููู;6
ูููุช;6
ูุดุนุจุง;6
ุงูุนูู;6
ุงูููุง;6
๐๐;6
ูุงูุญุดุฏ;6
ุงูุณูุงู;6
ุฐุงุชู;6
ุงูุชุนุงุฒู;6
ุงูุซุงููุฉ;6
ุฎูู;6
ูุฒุงุฏ;6
ุจูุชู;6
ุฌุฏูุฑ;6
ุญูููุฉ;6
ุจุฏูู;6
ููุธุฑ;6
ูุงู;6
ูุจูููุง;6
ุงููุชูุฉ;6
ุงูุญูุทุฉ;6
ุงููุชุนุฉ;6
ูุฌู;6
ูุฃู;6
ูุฌุฏ;6
ููุงู;6
ูุงูุช;6
ุจุฐูู;6
ุญุฒููุฉ;6
ูุฑุงูู;6
ูุงูููู;6
ุงูุฐูู;6
ูุณุฃูุชู:;6
ูุฃู;6
ูุธุฑุฉ;6
ูู;6
ุจูุฏู;6
ูู;6
ุงูุฏููุฉ;6
ุงููููู;6
ูููุด;6
ุญูุซ;6
ูู:;6
ููุงูู;6
ุงูุงุช;6
ูุงูููุงุณุงุฉ;6
ูุฃูู;6
ูุณูู;6
ูุฏู;6
ุณุงุฆููู;6
ูุชุฑูุชู;6
ุญูู;6
ุงูุจุงุจ;6
ุนูุฏู;6
ุฃุฑุงู;6
ููุดุช;6
ูุบูุฑูุง;6
ุงูุฑุฆูุณ;6
ุงูุฅุณูุงูู;6
ู;6
ุชูุฏุงู;6
ุงูุดุนุจู;6
ุฏุณุชูุฑ;6
ุฑุจ;6
ุงูุชุงููู;6
ูุฃูู;6
ุจุฏูุฉ;6
ูุฏูุงุ;6
ููุณูุฑ;6
ุฑุบู;6
ุจูู;6
ุงู;6
ูุทุนุฉ;6
ุฑุถู;6
ุงูุฎููุฉ;6
ุงุตุจุญ;6
ุฃู;6
ุงูุชู;6
๐โ;6
ุจุงููุงุก;6
ุงููู;6
๐ข๐๐;6
ุญุชู;6
ุงุนุฌุงุจ;6
ุงุณุฑุงุฆูู;6
ูุนูุด;6
ุจุบูุท;6
ูุชูุฏู;6
ูุฒูุฑุฉ;6
ุงููุตุฑู;6
ูุฌุงุกุชู;6
ูุชููุงูู;6
ุฑุฌุน;6
ููููุง;6
ูููููู;6
#ูุตุฉ_ูุนุจุฑุฉ;6
ููู;6
ูุงู;6
ุงูุณู;6
ุงูููููุฉ;6
ุฑูุณูุง;6
ุงููุฑุฃุฉ;6
ููููุง;6
ููุง;6
ุงูุณูุฏ;6
ููู;6
ุฃูู;6
ุฌูููุฉ;6
ูุจุงูุงุฌุงุจุฉ;6
ุฒุฏูุง;6
ูุงุณู;6
ูุฌูุนูู;6
ุงูู;6
ุงูุช;6
ูููุง;6
ุงูุฏููุง;6
ููุงู;6
ุงูุฑููุง;6
ูุนูู;6
ููุญุฒูู;6
ุญูุทุฉ;6
ุงููู;6
ุงูุงุณูุงูู;6
ุงูุตูุงุฉ;6
ุฃูุณู;6
ููุนููุง;6
ุงูููุงุฉ;6
ูุณูู;6
ูุจูุน;6
ุงููุงุฏ;6
ุจุงุตุฏู;6
ุชุงูู;6
!;6
ุงููุณูููู;6
(ุฅุฐูู;4
ูุณููุงู;4
ุงูุจูุงุฆู;4
ุงูุณูุงุก;4
ูุชู;4
ุฎูุณูู;4
ูุซูุฑ;4
ููู;4
ุงูููุงุฆูุฉ;4
ุดุฏูุฏุฉ;4
ุงูุงููุตุงู;4
ุชููู;4
ุงูุฅูุณ;4
ุชุงุฌุฑู;4
ูุฃุชู;4
ูุฏุฉ;4
ูุตูุงุชูุ;4
ููุณู;4
ุฃุจู;4
ุงูุณูุฑูุฉ;4
ุงููุธุงุฆู;4
ุณูู;4
ุงูุนุฑุจู;4
ุฌููุน;4
ุณูู;4
ูุซู;4
ุงููุทุนุฉ;4
ุนุธููุฉ;4
ุงูุซูุฑุงุช;4
ูุชุฌููุน;4
ุณูุฉ;4
ุชุฌุงุฑุชูู;4
ููุงูุญููููู;4
ุ<;4
100;4
ูุญูุฏ;4
ุงูุฏูุฎููู;4
ุฑุฆูุณุฉ;4
ููู;4
ููุงุช;4
ููุฌูุฏุ;4
ุงูุฌู;4
ุงููุฌุฑู;4
...ุงูููู;4
ูุตุงูุญ;4
ูููู;4
ุงููุธุงู;4
ุงูุงูุฑูููู;4
ุทูู;4
ุญุงูุช;4
ุงูููุงู;4
ููู;4
ููู;4
ููู;4
ุฑุฃุณูู;4
ูููุงููููู;4
ุงูุญูุฏ;4
ุญุฏูุฏ;4
ููุฌูุฏุฉุ;4
ุฑุฃุณูุ;4
ูุฌูุณู;4
ูุงููุง;4
ููุชูุงุจูุนูุฉู;4
ููู;4
ุงูุฅุณูุงูููู;4
ุณุนุฑ;4
ุงูุชูููุฑ;4
ุฑุณูู;4
ููุฏ;4
ุฏุฎู;4
ูุจูุฑุ;4
ูููุฑู;4
ุงุณุชูุชุงุก;4
ูููู;4
ุดูุฎู;4
ุงูุญูุฑ;4
ูุญูุงู;4
ุงูุนูู;4
ุงููุง;4
ุญุณุงุจ;4
ุจุซูุฑุฉ;4
ุงููุฒุฑุงุก;4
ุฎูุฑ;4
๐;4
ูุทุนุงู;4
๐;4
ููุทุฑ;4
ุญููู;4
....;4
ููุฅุณูุงู;4
ููุนุช;4
ูุญุฏู;4
ุฃููุณูู;4
ููุงู;4
ูููุงุฉ;4
ุงูุจูุงุฏ;4
ุงูุญุฑุจ;4
ุฎุงุฏูู;4
ูุญุงูู;4
ุงูุณูุฑู;4
ูููู;4
ุทุงุนู;4
ูุงูุชุฑุจุช;4
ุชุฑูุจ;4
ุงูุญุฑุงู;4
ุจุงูุงุณูุงู;4
ุชููู;4
ูุงูุฏู;4
ูุฏุฎููู;4
ูุงููุฑุขู;4
ุนุจูุฏ;4
ุงููุตูุต;4
ุณุจุฃ;4
ุณุจุจ;4
ุจุฃุณู;4
ูุงุฏุฉ;4
ููุง;4
ูุฃุญุฒุงู;4
ุซูุฑุงุช;4
ูุฏุนู;4
ุงูุฃูู;4
(ุฃุฏุนู;4
ุงูุตุฑุงุน;4
ุนููุงุก;4
ูููู;4
ููุฐุง;4
ูุฑุณููู;4
ุญููู;4
ุงูุซุฑ;4
ูุดุงุก;4
ุถููุนูุง;4
ูุฅุฐุง;4
ุจุฑฺฉู;4
400;4
ุชุชู;4
ูุงุฑุจ;4
ูุจุฌุงูุจู;4
ุงููู;4
ููุฒูุฌุฉ;4
ุงููุตุฑ;4
ูู;4
ุงูุฏููููุฑุงุทูุฉ;4
ุงุถุงูุฉ;4
ุงูุฑูุฌูููููู;4
ุงูุฌุฒูุฑู;4
ุงูุญุจูุจ;4
ูุนูุง;4
ูู;4
ููููู;4
ุงููุนุจุฉ;4
ุงูุชุตุงุฏ;4
ุงููุฎูุฏูู;4
ูุฑุญููู;4
ูุงููู;4
ุฃุฏุงุฆู;4
ูุชุญุฑูู;4
ุงูุฌูุณ;4
ูุจุงุฑู;4
ุญูู;4
ุบูุฑูุง;4
ุญูุงู;4
ูุณุชุฌูุจ;4
ุฃููุฑ;4
ูุฃููู;4
ุฃูุชู;4
ูููุช:;4
ูููู;4
ุงููุงุชูู;4
ุงููุฑุฒ;4
ุงูุงูุฑ;4
ุงูุงูุฉ;4
ุตูุนุช;4
ุฌูููุง;4
ุฌูุนุง;4
ุงูุนุจุฏ;4
ุงููุซูุฑ;4
ุงูุงุฎูุงู;4
ุชุฌุงุฑุชูู).;4
ุงูุตุฑูุชู;4
ุงูุงูุงู;4
ุญุตูุช;4
ุนุงูู;4
ุฏููู;4
ุจุฏููุ;4
ูููู;4
ุชููู;4
ูุขุจุงุกูู;4
ุงูุนููููููุง;4
ููุจูุ;4
ุงูุนุฏู;4
ุงูููุช;4
ุงุฌุนูููู;4
ูุญูู;4
ุตููู;4
25;4
ุนูุฏูุง;4
ูุณุฎุฑุฉ;4
ุฑุจูุง;4
ููุช;4
ุงููุฑูุฑ;4
ุนูุฏูู;4
ุฑุญ;4
ููุจููุชู;4
ูููู;4
ุฃุชูุชู;4
ุงูุดุงู;4
ุญู;4
ูููุตูุฉ;4
ุดุนูุจูู;4
ุตูุน;4
ุงูููู;4
ุชููููููููููู;4
ุจูุดุนุฑูุฑุฉู;4
ุฎูุฑุงุช;4
ุฃููุง;4
ุนููู;4
ุงุจุชุณุงูุฉ;4
ูุงููู;4
ุงูุนููุฑู;4
ููุงูุฑ;4
ูุฃููุงุฏู;4
ููุฒูุฉ;4
ุนูู;4
ุจู;4
ุจู;4
ุญุฑุจ;4
ุนูููู;4
ุนูุฑูู;4
ุงูุงุณุฏ;4
ุจูุง;4
ุงู;4
ุงู;4
ุฃููุงู;4
ุงูุฏูู;4
ูุฏุฑุงู;4
ุนูู;4
ุงูุฃููู;4
ุซุงููุฉู;4
ููุถูููุง;4
ุงูุชู;4
ุงูุชุฌุงุฑุฉ;4
ุงุตุจุฑูุง;4
ุจูู;4
ุฎุฑุฌุช;4
ูุฃูุง;4
ุตูุญุชู;4
ููู;4
ุงุฌุนู;4
ุฃุฌูู;4
!!;4
ููุณุชุบููู;4
ุจุดุงุฑ;4
ููู;4
ูุฆุงุช;4
ุนู).;4
ุฌููุจูุง;4
ุญูุงู;4
ุฃููุณ;4
ุนูููู;4
ุฎุงุฑุฌ;4
ูุดุฑ;4
ุนููู;4
ููุฉ;4
ููู;4
ุจูุงูู;4
ุงูููุฏุงู;4
ุงููุตุฑููู;4
ูุจูู;4
ุงูุฃูุงูุ;4
ูุชุฑููุง;4
ููููููุณู;4
ุจุถุน;4
ุซูุงุซ;4
ููู;4
ุงูุฅูุงู;4
ูููุฑูุชุงููุง;4
ุฃูููุฑูุง;4
ุตุงุฑุช;4
ููุงู;4
ุงูุฐุงุชู;4
ุงูุฑุงู;4
ุตุฏูุฉ;4
3โค๏ธ;4
ุฃูุฉ;4
ููู;4
ููุฒู;4
ูุงุจุชุณู;4
ูุณุฃููู:;4
ุงูุณุงุจุนุฉ;4
ููููุนูุชู;4
ูุชู;4
ููุฏ;4
ูุฑู;4
ุงูุฑุงุจุญุฉ.;4
ุฃูุง;4
ุฌุงุฑูู;4
ุนุฏู;4
ูุงูุฏุชู;4
ุฃูู;4
ูุตูููู;4
ุฃูุฉ;4
ูุตูุน;4
ูุณูู;4
ุฃุฑุฏุชู;4
ุงูุณุจุน;4
ููุง;4
ุจุณุจุจ;4
ููุจููุชู;4
ููู;4
ุฃุญุณุณุชู;4
ุงููุฑุขู;4
ูุฌุจ;4
ุจูุณุงูู:;4
ุจุงุจ;4
ุจุงุช;4
ุนุจุฏ;4
ูููุณูููู;4
ุงูุง;4
ุงูู;4
ูุงุญุฏุฉ;4
ุฎุงุตุฉ;4
ููุฏู..;4
ุงูู;4
ูููู;4
ุชูุซูู;4
ุงุณูู;4
ุฑูุงุจ;4
ุงููุฉ;4
5;4
ูุงุญุฏ;4
,;4
ูุนู;4
ุชุงูู;4
";4
ุงูุฌูุฉู;4
ุฑุงุฌุนูุง;4
ุงูุฑุถูุนุฉ;4
ุงููุงููู;4
ุงูููุงุฑ..;2
ุฐุงูฺฉ;2
ุงูุณุฆูุฉ;2
ูุชุณููู;2
ุนุถูู;2
ููุฉู;2
ุณููุถู;2
ููููู;2
ุจุฏููุฉ;2
ูููุงููู;2
ุญูููุฉ;2
ูููููุฉ;2
ุฌูุฏู;2
๐๐๐;2
ุจุฅูุชูุงุฒ;2
ุฏ/;2
ูุณูุฑูุง;2
ุญุงุฑุจ;2
ุถุญูุช;2
โููู;2
ุงูุชููู;2
ูุงุนุฏูููู;2
ุทูุจูู;2
ุงูุบูู;2
ุณููููุ;2
ุณููุงู;2
ูุชูุชุดุฑ;2
ุณุฌูู;2
ุงุฎุฑู;2
ูุซูุฑุง;2
ุงุฎุฑู;2
ูุซูุฑุฉ;2
ูุฌุชุงุฒ;2
ุงูููุชูุฎุฉ;2
ุฎูุงู;2
ุงุณุชุบุฑุจ;2
4-ุญุงูู;2
ูุฌุญูู;2
ุงูุนุฌูู;2
ููุณููููููููุทูู;2
ุถุฑูุฑุฉ;2
ูุฑุงุฑ;2
ุจููุง;2
ุงููุดุฑู;2
ูููุงู;2
ุจูุทุน;2
ุงููุฏูู;2
ูุทุจููู;2
ููุงุฑู;2
ุจูุทุฑ;2
ุฎูููุฉ;2
ุฃุฑู;2
ุงููุญุชุฑููู;2
ุงุฌูุนููู;2
ุงููุฏููุฉู;2
ูุตุงูุญูู;2
ุฅุญุฏุฑู;2
||;2
ุงูุฅุดูุงู;2
ุฌุฒูุฑุฉ;2
ุชูุนุจูุง;2
ุฎูุณูู;2
ูููุงุชููุง;2
ูุญุงุณุจูู;2
ุฅุญุฏุงูู;2
ูุชููู;2
ุทุจุนุข;2
ููุฐุงุฆูุฉ;2
ุงูููุงููู;2
ูุดุงุจูุฉ;2
ูุชุฎููู;2
ุจุงูุงุชุญุงุฏ;2
ุงููู;2
ููุฑุญ;2
ูุงุทูุฑ;2
"ุฑูุงุตุงุชุณุชุงู";2
ููููุฏูุงุฑููู;2
ูุงูุชู;2
ูุนุชุฏูู;2
ุตุบุฑู;2
ุงูููุชุดุฑู;2
ุจุงูุงูุชุฎุงุจุงุช;2
ูุณุชูุฑุฉ;2
ูุงูุนุณูุฑ;2
ุฎุงุตุฑุฉ;2
ุงูุฑููุจุถุฉ;2
ุงูุฃุซูุงู;2
ุงููุตูุชูู;2
ุจุชุตุฑู;2
ูููููููุงูุชุจูู;2
ุดุฑุท;2
ุฃุฏู;2
ุชุฏุฎู;2
ููููู;2
ุฒูุช.;2
ุงูุงุฑูุงุจููู.;2
ุงูุญุฑุงู...ุฃูุฎ);2
ุชุญุฑูุฑ;2
ูุณููุชู;2
ุงูุฑุณุงูุฉ;2
ูุฌุณูุฉ;2
ุจุนูู;2
ุฃููุง..;2
ุงูุจุงุฑู;2
ูุฑู;2
ูุงูุฑุคุณุงุก;2
ุงุนุชุจุฑ;2
ุงูุฌุฒูุฑุฉ.;2
ุฃููุจุฑุงูุช;2
.....ููู;2
ุฑุฆูุณ;2
ุงููุงููุฉ;2
ุนููู;2
ุชุญููู;2
ุญุฑููุงุช;2
ุฏูุงุบูู;2
ุชุจููู;2
ุณูู".;2
ุงูุฎุฑุจ;2
ูุฑูุฏูู;2
ุฐุงุช;2
ุฑุฌุจูู;2
ุงูุตุญุงุจุฉ;2
ูุฎุฏูู;2
ูุทุฆุช;2
ูุงุช;2
ุงูุฑูุจุง;2
ุณูุฏุงุก;2
ุจุฑูุงูุฌ;2
ูุญูู;2
ุงูุญููู;2
ุจุฃููุฑ;2
ุงูุงุนุฑุงุจ;2
ููุชูููุณูููุฑ;2
ุฃุฌู;2
ุงููุฑูุด;2
ุณุฌููู;2
ุงููุจู;2
ุณูุฐูุฑ;2
ุจุฑุญูุชู;2
ุทุฑุงุทูุด;2
ุงูุดุนุฑู.;2
ุจุณุจุจูุง;2
ูุชููุฑูู;2
ุงูุนุจุฑู;2
ุงูุฑุจูุน;2
ุฃุชู;2
ุงูููู;2
ุฅูุจุงู;2
ุงุณู;2
ูุดุงูุฏุฉ;2
ุฃุฌูุงุฏ;2
ูุนูู;2
ุฃูุจุฑ...ุฃุชุดุฑู;2
ูุณุชุญู;2
ุจุงุณูุงุก;2
ูููููุง;2
ูููุช;2
ูุณุชูุฑุงู;2
ุฃุทูุงู;2
ุชููุนูู;2
ููุงู;2
ูุชุนูููุง;2
ูุฑูุจ;2
ุงููุตุฑูุงุช;2
ูุฃุฎุจุฑูู;2
ูููููู;2
ุงุบูุฑ;2
ููุจุฑุงูููู;2
ูุฎุงุถ;2
ุชูุนูุฑูุฌู;2
ูุชุดุชุฑู;2
ูุนูู;2
ุงูุฏุงุฑุฌ;2
ูุตุญูู;2
ููุดููู;2
ุชุฒูู;2
ูููุตูุจ;2
ูุญู;2
ูุญุฏุด;2
ุงุฑุถ;2
ููู;2
ูุจุชุบู;2
ุฌูุชู;2
ุฃุจู;2
ุงูุญุฑูุฉ;2
ูุงุชูุชู;2
ูุงูููุฑูุงุช;2
ุจุงูุนุงูู;2
ุดุฐุงุฐ;2
ุชูููู;2
ุงูุญุฑูู;2
ููุงููุง;2
ูุงูุจููุฉ;2
ูุงูุชุนุจุฑ;2
ุซูููุฉ;2
ูุชุนุงุทู;2
ุฎุงูุนุง;2
ูุชูุฑ;2
ุณูุฏ;2
ูุชู;2
ููุช;2
ููุงูุฉ;2
ุงูุนุจุงุฏุงุช;2
ุงุบูุจ;2
ุญุงุฌุฉ;2
ูุถุนู;2
ุงูุนุฑุจู;2
ุชุฏุจูุฑูู;2
ููุฐุง;2
ุดุชุช;2
ุฃุฎุทุฑ;2
ูุถุนู;2
ุงูุขุฎุฑูู;2
ูุงููุนุชูููู;2
ูุฒุฑุน;2
๐ท;2
ุฅููุงุน;2
ุงูุถุนูุงุก;2
ุตูุฏูุฑุ;2
ููุงูููู;2
ุนุงุดุชู;2
ูุจูุงุก;2
ุงูุงุงูู;2
ูููุฉ;2
ุจูุดุฑูุน;2
ุงูุงุณูุงููู;2
ุจุณุชูู;2
ุงูุงุฑูุงุจ;2
ุงููููู;2
ุณูุฑ;2
ุญูุงุณ;2
ุดูุชู;2
ูุงุณุฑุงุฆูู;2
ุงุฎุฑ;2
ูุตุฑ...ููู;2
ุงูุชุณุงุจูู;2
ุงูุญูููุฉ;2
ุทูุงุฆู;2
ุงูุงููุฑ;2
ูุดุฑุจ;2
ุณูู;2
ูุฌุญูุง;2
ุจุนููู;2
ูููู..;2
ุณูุน;2
ูุญูุงูุฉ;2
ุถุฑูู;2
ุงูุงุชุญุงุฏ;2
ุงุญุฏ;2
ุฃุตูุงุช;2
ููุตุงูุญ;2
ุฃุฎูุงูู;2
ูุงู;2
ุดุนุจูุง;2
ููุจุชูู;2
ุนุตุงูู;2
ุฌูุฏุง;2
ุงุฌู;2
ูุงุฌุชูุน;2
ูููู;2
ูุงูููุงุญ;2
ุณูู;2
ูุญูุฌูุง;2
ุญุณูู;2
ุนุฏุฏุงู;2
ุซุงูุซุฉ;2
ุชุฑููุถุง;2
ูุตูุญ;2
ูููููู;2
ุณูุฏ;2
ูุนุงู;2
ุณุฑูุนุง;2
ููู;2
ููุง;2
ุฃุญูุงู;2
#ุฑุญู_ุงููู_ุงูุดูุฎ_ุงูุฏูุชูุฑ_ุนูุฑ_ุนุจุฏ_ุงูุฑุญูุงู;2
ุงููุฏู;2
ูุณููู;2
ูุฌุฆุชู;2
ุงูููุฌูุฏุฉ;2
ูุชุดุฑูุฏ;2
ูุญูููุชูู;2
ุฃุณูุงู;2
ุงุนุฌุจุชู;2
ุจุงูุฏุฎูู;2
ูุงุช;2
ุ.;2
ูุงุฏุฎููุง;2
ุฑุงุณู;2
ุ!;2
ุฎูููุณูููู;2
ุชุฆูู;2
ุชุณูุท;2
ูุณุจุจ;2
ุงููุงูููู;2
ุตุฏูููุง;2
ุจุนุฏูุง;2
ุณูุญุงูู;2
ูุงุฒุงู;2
ุชุฌุชุงุฒ;2
ุจุงููู;2
ุงูุณูุงุณู;2
ุงููููุจ;2
ูุงูุชุฑุจูุฉ;2
ููุจูุง;2
ุงุดุชุฑูุชู;2
ูุทุงูุจ;2
ููุงูู;2
ููู;2
ููุทุฑ;2
ุงุดุชุฑุงูุง;2
ุงุดุชุฑูุชู;2
ุนุฑุจูุฉ;2
ููู;2
ุจูุฐุง;2
#ูุทุฑ;2
ููุงูุฑูููุญู;2
ููุทูุฉ;2
ุงููุงุฑุฆ;2
ููุชูููู;2
ุณูู;2
ููุฌูุฏุฉ;2
ูุงูุฃุฎูุฉ;2
ุจุบุถุจ;2
ูุซูุฑ;2
ุฃุฌููุง;2
ุงูุนูุฏ;2
ุงูุขูุงู;2
ุงุทูุงู;2
ุงูุจุฐุฎุฉ;2
ุฏุนู;2
ุจูุฏูู;2
ูุงููุฐุจ;2
ุญุงูู;2
ุฎุทุงุทูู;2
ุฃุฏุฎููุง;2
ุจุฑุงูุฌูุง;2
ุงูุงุฑุถู;2
ุชุณุทุฑ;2
ุงูุงุฑุถู;2
ุจูููู;2
ูุนุฑู;2
ุงูููููุง;2
ููุฏ;2
ููููู;2
ูุจุฏู;2
ูุฏุงูุนูู;2
ููููุชูุง;2
ุงูุฏู;2
ููุตู;2
ุงูุญูุฑุจ;2
ุฃุซูุงุก;2
ุจุงุณูู;2
ุจููุง;2
ุจุฑุฃูู;2
ุชุฐูุฑุช;2
ุจูููุง;2
ุขุจุงุฑ;2
ุงูุธูุงู;2
ูุงุงูู;2
ุงูุฏุงุฎููุฉ;2
ุฃููุง;2
ุงูุจุงูุง;2
ุงููุญุธุฉ;2
ุงููุตุงุฆู;2
ุงูุฃุณุฆูุฉ;2
ุฏูุงุฑูู;2
ุจูุฏูุฉ;2
ุฏุณุชูุฑูู;2
ูุฅูู;2
ุงูุงูุฑุจููู;2
ูุซูุฑุงู..;2
ุฑุญูููู;2
ุงุฑุณูููุง;2
ููููุง;2
ุจุฅุฐู;2
ูุฃุฏุฑูุชู;2
ูุชูุฌูุฑ;2
ูุงููุบุฑุจ;2
ูุฑูุจุง;2
ููุฌู;2
ูููุฑุงุช;2
ุฃููู;2
ุณุชุณุฑููุง;2
ุงูุฏููู;2
ุงูุฌูููุฑ;2
ุงูุฃุนุฑุงู;2
(ุฃุฑูุน);2
ุงูุงููุณ;2
ุจุฑูุณ;2
ุฃุตูููุง;2
ูุนุจุงุฏุฉ;2
ููุณุงุช;2
ุชูุชุฏ;2
ุจุฑูุก;2
ุงูุชุฏู;2
ูุงูุฏูููุฑุงุทูู;2
ููุงุฑุณ;2
ุงูุฌุฒูุฑู.ููุงุฉ;2
ุจูููู;2
ุชุนุงูู;2
ุทูุน;2
ููุดู;2
ูููู;2
ุจุฏุฎูู;2
ุชุบููุฑูุง;2
ูุนูุดูุง;2
ุงูุฏูุชูุฑ;2
ููุณูู;2
ุงูุฎุงุต;2
ุชุฏูุณููู;2
ูุดูู;2
ุงูุชุตุฏูุฑ;2
ูุฎุงููุง;2
ูุดุฑุจูู;2
ูุชุจูู;2
ููู;2
ุชูุจูุฏูููู;2
ูููุงุฑู;2
ุจุจูุน;2
ุฑุงุฌู;2
ููุฑููุง";2
ูุงููุฑุณููู;2
ุทูุจ;2
ูุงุญูุชุ;2
ูุญุฒููู;2
ูุณูุงุฏู;2
ุชุฌุงููู;2
ุฏุณุชูุฑูุง;2
ุงููุฃุฌูุฑูู;2
ุนูููุงุช;2
ููููุณุงุฏ;2
ูุงููุง;2
๐ทูุตู;2
ุงูุฑุงุก;2
ูุนูุดูู;2
ุนุดุฑูู;2
ุญุฏูุซ;2
ูุนุจุฑู;2
ุชูุชูุฏู;2
ููุฌุฏูุง;2
ุฌุฐูุฑูุง;2
ุงูุณุนูุฏู;2
ุงููุงุณุ.;2
ุดุจุงู;2
ุงุชุฑููุง;2
ูุฒุฑุงุกูู;2
ูุงููููุฉ;2
ูุชุฑูุช.;2
ุงููุนูุฉ;2
ููุงููุง;2
ุงูุณูุงุญ;2
ุงููู;2
ูุซูุฑููู;2
ูุงูุจุญุฑูู;2
ุทูุจุงุช;2
ุฃุฌููู;2
ุดุฌุฑุฉ;2
ููุชุธุฑ;2
ุทูุฑููููุง;2
ูุฌุนููู;2
ูุงุฏุง;2
ุงูุฐุงู;2
ุงููุงุฑ;2
ููุช;2
ููู;2
ููุน;2
ุฃูุงูู;2
ูุณุฃู;2
๐ฃ;2
ุงูุงู;2
ุงูุชูุงู;2
ูุงููุงุณ;2
ููุนู;2
ุงุฑุงุถููุง;2
ุญุงูุธูุง;2
ุงูุฃุฎูุฑุฉ;2
ูููุง;2
ูุงูู;2
ุงููููุงุฑุงุช;2
ูุฑุจูุง;2
ุงูุนุงูููุฉ;2
ูุงูููุงุนุฏ;2
ูุชุญูู;2
ุงูุงุฎููุฌููู;2
ุงููุณุงุก....ุญุณุจู;2
ุงููููุงุช;2
ุงุณุงุณ;2
ุฎูููุฉ;2
ูููุซ;2
ูุดุฑูุง;2
ุงููููุฏู;2
ุตุงูุชุง;2
ุฃูุงูู;2
ุงูุนุงูููู;2
ููุจู;2
ูุฌุฑู;2
ุฃูุงูู;2
ุชูุฎุฑุจ;2
ูุฃุดูุฏ;2
ุงูุงู;2
ุงูุฒุญุงู;2
ููููุง;2
ุฃุฏูุนู;2
ููุนุฏูุฉ;2
ูุงููุฒุฑุงุก;2
ุนูููุง;2
ุชูุฌูุฑ;2
ุงููุงุนุฏุฉ;2
ูุณุฑ;2
ุจุงูุฎุงุฑุฌ;2
ุงูุฎูุงุฑุฌ;2
ุฃููููุง;2
ุณูุฑุณููู;2
ูุฃูุณุฑ;2
ุงูุชููู;2
ุณููู;2
..ููู;2
ูุฃูุชู;2
ุงุฑุญูู;2
ุจุงูููุงู;2
ููุชุงุฆุฌ;2
ูุนูุงู;2
ุชูุน;2
ูุฃุจุฏูุช;2
ุงุนูููุง;2
ูููู;2
ุงูุฏููุงุ;2
........;2
ูุงูุจุงุญุซูู;2
ููุงู;2
ุงูุญูู.;2
ูุฏุณูุณู;2
ุณูุนุช;2
ูุงููุฑุถุงูู;2
ูุงูููุฑุงุก;2
ุทุบู;2
ุงููุชูู;2
ุฎูุจ;2
ุนุงุฆุดุฉ;2
ุซุฑูุงุช;2
ุงูุจูุฏ;2
ูุตุฑูููุง;2
ุงููุณุฌุฏ;2
ุชุญูู;2
ุงูุตุฑุงุทุ;2
ุนุงูุฒููู;2
ุงููุฌุงูุฏูู;2
ุฃุฎุฐูุง;2
ุจุญุณุงุจุงุชูู;2
ูุธุงู;2
ูุนูุง;2
ุฌุฏูุง;2
ุณุฑู;2
ูุฎููุงุช;2
ุฒูุฌุงุช;2
ุงูุดูุทุงู;2
ุจุชุฎุฌููุง;2
ูุจุนุฏ;2
ูุณู;2
ุดูููู;2
ูุงุณู;2
ุฃุฎุฐูุง;2
ูุชุทูุน;2
ูุณู;2
ุงููุตุฉ;2
ุชุนุทููู;2
ุงูุงูููุฉ;2
ุณูููู;2
ุญุฑุงูููุง;2
ุงููุณุงูุงุฉ;2
ุชูุฑูุง;2
6-ุณูุงุน;2
ูุฑุถู;2
ุฏูุฑุชู;2
ุญููููู;2
ูุงูุญุงุฌู;2
ูููู;2
ุงููุณูู;2
ูุฑุณูู;2
ุงููููููุงุฆูููุฉู;2
ูุตุฏุงููุฉ;2
ูุณุช;2
ุฃุบูุจูุง;2
ูุฏูู;2
ูุฃูุซุงููุง;2
ุบุฑุณูุงูุชู;2
ูุฏูู;2
ุชุชูุงุฒููู;2
ุงููุณุฑุญ;2
ุฃุจููู;2
ุฑูุงุฌุงู;2
ุงุนูุด;2
ุงูุนูุงูุฉ;2
ุณูุฏูุง;2
ุจูุงุถ;2
ุขุฎุฑ;2
ููุชุญููู;2
ูุงููุงู;2
ูุฏููู;2
ุงูุบุฑูุจุฉ;2
ุงูุงุณุฏูุฉ;2
ุงููุดุงูุฎ;2
ุจุชุบููุฑ;2
ุฃุณุงุณูุงู;2
ุงูุฃูุนู;2
ูููุน;2
ูุชูุงุฒููู;2
ุฃูุชุจ;2
ุณุชุณุชููู;2
ุฅุนูุงุกู;2
ุฒูุงุชูุง..;2
ุตุญูุญ;2
ุดููู;2
ุจุงูุน;2
ุฐุฑูุนู;2
ูุจูู;2
ููุฐุง;2
ุงูุฏุฎูู;2
ูููุงูุชู;2
ุงููู;2
ุญุฏูุฏูุฏ;2
ุงูุฑุนุจ;2
ุงููููุงุช;2
ููุนุจ;2
ุฎูู;2
ูุงููููู;2
ุงุญุณู;2
ุฎูุน;2
ุงูุฑุฏุบุงููู;2
ุฅุณูู;2
ููุณูุง;2
ุงููุฑุดุญุฉ;2
ุงูุฑููู;2
ูุฌูุน;2
ุงูุญููููุฉ;2
ุงูุบุงุฒ;2
ุงูุบุงูุณุชุงู;2
ููุจุงุฑู;2
ุงูุฑุถุง;2
ุฃููู;2
ููุธุงูู;2
ุงูุงูุงู;2
ุชููุณโ;2
ุงูููุณ;2
ุญูุงุชู;2
ุงููุง;2
ูุฒูุฌุชู;2
ุจูุชู;2
ูุณุงุฆููุุ;2
ุงููุญุฑูุณู;2
ุจุฎุทูู;2
ูุถุน;2
ุญูุงุชู;2
ุฃููุณูุง;2
ุงูููู;2
ุฌุฏูุฏ;2
ุนููู;2
ููุฑุฉ;2
ุงูููุชูุฉ;2
ุณุงุฆูุงู;2
ุฅุณูุงููุฉ;2
ุฃูุซุฑ;2
ุนุงูุฑุฒ;2
ุจูุฆุงุช;2
ูุชุนูุดูุง;2
ุงุตุฑููู;2
ุงูุฎุณูุณ;2
ุจุชุงุนู;2
ูููุงุฉ;2
ุนุขูุฆุดุฉ;2
ุฑุฒููู;2
ุฅูููุง;2
ุงูฺฉุจุช;2
ูุงููุนุจู;2
ุฅุฑูุงุจู;2
ุงูุฎุงุฑุฌูุฉ;2
ูุฏู.;2
ูููููููู;2
ูุงููููุง;2
ูุงูุงุนุชุตุงูุงุช;2
ุงูุธุฑ;2
ูุงูููุงุฏูู;2
ุฎูู;2
ุงูุฃุฑุถ";2
ุงูุทุฑูู;2
ุงูุนุฑุด.;2
ุงูุญุฑุงู;2
ุชุนู;2
ุงูุนูู);2
ุซุงููุง;2
ูุฃุธูุฑ;2
ุงูุฑุงูู;2
ุฃุญุณู;2
ูุชู;2
ุงููุนูู..;2
ููุตู;2
ุฃุตูุญ;2
ุฃุดุชุฑู;2
ุงุณูุงููุฉ;2
ุชููู;2
ุณูุงุณุฉ;2
ุงูุฐู;2
ูุชุฌุนู;2
ูููุคูููู;2
ุฌุฏูุฏ.;2
ููุณุชููุฉ;2
ููุฒูุฉ;2
ูุงูุฏู;2
ููุถููุง;2
ูุฎูุถูู;2
ุชููุฉ;2
ูุนูููุง;2
ุงูุฃูุฑุจู;2
ุทุฑุฏ;2
ุทุฑุญ;2
ุฃููุฌุฏ;2
ูุณุฑูุงุช;2
ุฃููุง;2
ุฃูููู;2
ูุฃุฏุฑู;2
ุฃุจูู;2
"ุชุฐูุฑุช;2
ูุงูุฒููุงุจูุงุช;2
ุชุถุน;2
ูุงูุฎูุงูุฉ;2
ุชููู;2
ุชุถู;2
ุงูุฌุฒุฑู;2
ูุณุนุฏู;2
ุงูููุฉ;2
ุนููุงุก;2
ุงููุฑุงุชุจ;2
ููุตู;2
ุทุฑุงุจูุดู;2
ูุฅููุงู;2
ูุจุงุฑฺฉู;2
ููุนู;2
ูุฎูู;2
ูุฎุทุทูู;2
ูุจุณ;2
ููุญููุงุช;2
ูุงูุฑุงุก;2
3-ุดุฏูุฏ;2
ุงููุถุงุฆูุงุช;2
ุชุตู;2
ุฎุชุฑุงู;2
ุฎุทุฑูุง;2
ุงูููู;2
ููุงูุณููููุงููุงุชู).;2
ุฃููู;2
ุจุฌูููู;2
ุขูุงู;2
ูุฌูุฏ;2
ุงูุถุงู;2
ุจููุฌุจ;2
ูุงููู;2
ูุฌููุนูู;2
ุงูููุงุนุฏ;2
ูุงุฏู;2
ุงูููุฉ;2
ุงูุฃูุนุงู;2
ุฃุบุฑุงุถูู;2
ุนุงุฆุดุฉุ";2
...ุฏุฎู;2
ุงูุฃููุงุช;2
ูุณุชูู;2
ููู;2
ููููุญ;2
ุฅุฌุงุจุฉ;2
ุจุฃููุณูู;2
ุดูุงุทู;2
ูุญูุงูุชูู;2
ุงุนูู;2
ุนุตูุง;2
ุถุฑุจุช;2
ูุงูู;2
ูุฑุงุด;2
ูุชูุถููุง;2
ุจุซูู;2
ูุฃุถุงุกุช;2
ุฅู;2
ุชุตููุช;2
ุงูุฑุฌุนูุฉ;2
ูุฌู;2
ุจุญูุงูุชู;2
..!!;2
ุงูุญุตูู;2
ุฃุฐูุฑูู;2
ุฌุจุฑูู;2
ุชุฒู;2
ููููุช;2
ููุงููู;2
ูุฏุนู;2
ููุชููุง;2
ุชุถูููู;2
ุฃุจุงุกูุงุุ;2
ุงูุจุฑ;2
ุชุฑุฏ;2
ุงุทูุงูู;2
ููุตุฑุชูู;2
ูุณููู;2
ุงูุฐูุฉ;2
ูุตูุญุชู;2
ูุนุงุจุฏูู;2
ููููู;2
ุญุตุฑูู;2
ูุฃู;2
ุญููุดููุง;2
ุงูุนุธูู;2
ุงุฒุงู;2
ุจุนุฒู;2
ูููููุง;2
ูุงูููุญุฏูู;2
ุงุฎุจุงุฑูู;2
ุงุตุญุงุจ;2
ุชุญูุงุชู;2
ุตูุชู;2
ุงูููุฑ;2
โูููุง;2
ุฏุงุนุดูุฉ;2
ุฅูู;2
ุฐููุจู;2
ูุงููููุฑ;2
ุฐูุฑูุง;2
ูุฏูุนูุง;2
ุจุฑูุงููู;2
ุนุฑุจุงู;2
ูุงุณุชุฎุฑุฌ;2
ูุงูุฐูู;2
ุนุฑูููู....ุงูููู;2
ุฎูุทูููุฉ;2
ุงูุญุตูู;2
โซ#โูุตุทูู_ูุญููุฏโฌ;2
ูุตูุฑูุง;2
ุชุฏู;2
ุนูุดุงู;2
ููุฆุงุช;2
ุณููุงุก;2
ุชูุฌุฏ;2
ูุณูุญ;2
ุงูููุฏู;2
ุงูุดุฎุตูู;2
ูุดุชุฑููุง;2
ุฌุงูู;2
ุญุจ;2
ุงูุณููุงุช;2
ูุซุฑูุงุช;2
ุงูุฌุฒูุฑ;2
ูุงูููู;2
ุดูุนู;2
ุณุนูุฏูู;2
ุงูุณุฌููููููููู;2
ุชุณุฃู;2
ุงูุฃููุฑ;2
ุชุฎุต;2
ุณูุฐูุฑ;2
ุงูุญูุงู;2
ูุงู;2
ุชุญุฏ;2
ุงุณุฑุงูู;2
ุณุฑุงุจ;2
ูุฑุฑุช;2
ูุจุซ;2
ูููููู;2
ุชุฌู;2
ูููููู;2
ุงูุงุณุชูุทุงู;2
ฺฉู;2
ูุชุงุฆุฌ;2
"ููู;2
ุงูุชููุณูุฉ;2
ููุฏุงูุฉ;2
ุงูุนููู;2
ุชุทุจูู;2
ุฏุฌุงูุงู;2
ููุฏุงูุง;2
ุญูุงูุฉ;2
ุชููููููููู;2
ุชุชุนุงุทู;2
ููุง;2
ุงูุตุญู;2
ูุฃุฎุจุฑู;2
ููุชูู;2
ุงููุณุฌูู;2
ุฃุฑุงุถูู;2
ุงูุนุงูููู..;2
ูุนูู;2
ฺฉุซุฑุฉ;2
ุชููุง;2
ุงูุฏูุงุก;2
ุฌุนููู;2
ุฌูุงุช;2
ุฃุฑูุฏูุง;2
ูุงูุญุงู;2
ูุฏูุน;2
ุฃุซุงุฑูุง;2
ุงูุฏูุงุฑ;2
ูุฃุจู;2
ุดูุฆุงู;2
ูุงูุฒูุฏููุงุช;2
ููุฐุช;2
ูุนูู;2
ูุดุชุฑูู;2
ุฃุฎุฑู;2
ุงููุฎุฏุฑุงุช..;2
ุฃุฎุฑู;2
ููุซู;2
ุงุทูุนุช;2
ููููุจ;2
ูุงูุบูู;2
ุงุฌุชูุฏ;2
ุฅุณุฑุงุฆูู;2
ฺฉูุง;2
ูุฑูุถูู;2
ููุชูุฑ;2
ูุด;2
ุชููููู;2
ูุชูููู;2
ููุฃุฌูุฑ.;2
ุงููุฑุชุฒูุฉ;2
ุฃุญูุธ;2
ูู;2
ูููู;2
ุจุงูุชู;2
ููููุง;2
ุงูู...;2
ูููุตุฑููู;2
ุฎุฐู;2
ุฃููููู;2
ูุชุฃููู;2
ุงุชุญุฑู;2
ุชุฒุฏุงุฏ;2
ุงูุณุงุฏุณุฉ;2
ุงููุณูุณู;2
ุงูุดุบุงููู;2
ุงูุฃุซูุฑ;2
ูุจ;2
ุดุจุงุจู;2
ููุณุชุญู;2
"ูุง;2
ููุฑูุง;2
ุฅุฎูุงููุง;2
ูุธุฑุง;2
ูุงูุจุงูู;2
"ูุนู;2
#ูุตุฑ;2
ูููุง;2
ุฎุฏู;2
ููฑ;2
ู;2
ุญุฐุงุกูู;2
ุนุฑูุถ;2
ูุงูุนูู;2
(ุงููุญุฑูุฉ);2
ูุธุฑู;2
ูุทูู;2
ูุงูุงุณูุงููู...;2
ุงูุฐูุจ;2
ูุทูุน;2
ูุชุถุงูููู;2
ููุงุจู;2
ุงูุชุงุฑูุฎู;2
ูุงูุณููููู;2
ุงูุฃูุงู;2
ูุฑ;2
ููุงุตูุงุช;2
ุงูุจุนุถ;2
ููุงุจูุฉโฆ;2
ุญุจูุจู;2
ูุญุฑูุฉ;2
ูุงูุนูู;2
ูุตูุจ;2
ุจูุฏู;2
ุงุญุชุงุฑ;2
ูุฏูุน;2
ุจูุฏุงููุง;2
ุงูููููุฉ;2
ุงูุฏููู;2
ุงูุบูุธ";2
ุงูุญุงู;2
ุชูุฏุฑูู;2
ูุตุงูููุงุฒ;2
ููุชุฑุถ;2
ูุณูู:;2
ุจุถุงุนุชู;2
ูุจูุช;2
ุฎูุงุฑุฌ;2
ุณุฃูุช;2
ูุงูุทุงุนุฉ;2
ุจุฃูู;2
ูุชูููุฑ;2
ุชุฑูุฏูู;2
ุงูุนุงูุฉ;2
ูุนุธู;2
ุงุดุชุฑู;2
ูุชุนุงูููุง;2
ุงูุตุนุจ;2
ุงูุญฺฉุงู;2
ูู;2
ุจุงูุตุจุฑ;2
ุงููุฏู;2
ุจุซูุฑุงุช;2
ูููู;2
ูุงููุฑุงุช;2
ุงููุชูุงูุจูู;2
ูุฃุตุญุงุจูุง;2
ุงูุชููุฏู;2
ุงูููุฏ;2
ุจุนุฏู;2
ููุงููุจ;2
ูุญุดูุฉ;2
ุจุนุฏู;2
ูุงุณุนุฉ;2
ูุงูุจู;2
ูููุตุญ;2
ูุชุบุชุตุจ;2
ุดุงููุง;2
ูููุงุฉ;2
ูุญูุฏ.;2
ุจุคุจุค;2
ูููุฑุง;2
ุฃุงูููู;2
ุงูุชูุดุงุบููู;2
ุงููุจูุฑุฉ;2
ุจุนุฑุถ;2
ูุงููุธุฑุฉ;2
"ุงูุตุฑุงุท";2
ููุง....;2
ุฑูุณู;2
2-ุฃุญุฏ;2
ุงูุงุบูุจูุฉ;2
ุนูุจุงู;2
ุฃูุชู;2
ุงูุจุฑฺฉุงุช;2
ูุทุงูุจ;2
ูุง.;2
ููุงูุช;2
ุณูุนุชู;2
ูุงููุง;2
ูุงูุฌูุงู;2
ุงูุฌูููุฑูุฉ;2
ูุจุฑูู;2
ูุงููุงุฑ;2
ูุทุฑู;2
ูุชุงุจุชูู;2
ูุงูุงูุณุชูุน;2
ูููุงูุฉ;2
ุงููุดู;2
ูุงูุงุฑุฏู;2
ุญุฑูุช;2
ุงูุดุฑููุฉ;2
ูุชุฏููุฉ;2
ุณุชูุฑ;2
ุงูุฑุคุณุงุก;2
ุฑูููููููุงุ;2
..ุงูููู;2
ูุงูุซูุฑุงุช;2
ุชุดุชุฑูุง;2
ุงููููุณ;2
ุถุฏูู;2
ุฎูุฌุฑ;2
ุฑูุงุจุฉ;2
ุงูุฑุงุฒู;2
ูุงุถู;2
ุชุชููููุง;2
ุฒุงูุช;2
ุงุฌุนูููุง;2
ุจูุนู;2
ููุณุช;2
ุชูุฏู;2
ุนุจุฏู;2
ุฃูุฌุณ;2
ุจุญุงููุง;2
ุงููุฑุฏ;2
ุงูุฅุณูุงูุ;2
ุชูุฑูุซุฉ;2
ุงุชููู;2
ุณุฏุฑุฉ;2
ุฃูุถุง;2
ุงูุตุฑุงุท".;2
ุจูฺฉููู;2
ุงูุฑูุงุตุงุช;2
ุชุนุงููู;2
ุงูุซูุฑ;2
ุฏูุงุบ;2
ูุงููุณููุฉ;2
ุนูุณู;2
ุนูุดุฉ;2
ุงูุซุงูุซุฉ;2
ุงูุนูุงุฆู;2
ุจุงุณุฑุงุฆูู;2
ุฏูุงุฑ;2
ุญูู;2
ูุงูุฅุญุชุฌุงุฌุงุช;2
ููููุง;2
ูููุฑุจ;2
ูุชุฑูุจ;2
ุงูููุงุญุฏุฉ;2
ุงูุชุจููุง;2
ุตููู;2
ุงููุทุฑูุฉ;2
ูุงูุง;2
ุธูุฑู;2
ููุตุจุญูู;2
ูุฃูู;2
ูุนุงุฏ;2
ุญูู;2
โค;2
ูุถูุจ;2
...ุงููู;2
ูุชููู;2
ุงููููุดูุงุชู;2
ูุงูุนุฒุฉ;2
ูุดุฑุงุฆูุง;2
ุชูููุฒ;2
ูุงุฑุจุฉ;2
ุงูุฌููุด;2
ุงูุงูุณ;2
ุณุชููุฏู;2
ุดุฏูุฏ....ุงูููู;2
ุงูุชุญุฑูุฑ;2
ุงูุงูู;2
ูุฌุฏุช;2
ูููุฑุง;2
ุงููุณุฃูุฉ;2
ุงูุงูู;2
ุงูุฃูุจูุงุก;2
ุงุจุงู;2
ุงูุธูู;2
ุตูุงุฑูุฎู;2
ูุดููู;2
ุงุณูุงุฏูู;2
ุญุงูููุง;2
ููููุฉ;2
ุชุญุชู;2
ุชุนุงููุง;2
ูุณูุนู;2
โด;2
ุงูููุงููู;2
ุจุชุนููู;2
:);2
ุงูุงูู;2
ุงููููู;2
ููุตูุช;2
ูุจูุฑุงู;2
ุนู;2
ุงูุญุงูู;2
ุงูุญูุงู;2
ูุชุฑู;2
ูุญููุฏ;2
ุญุณูุงุชูู;2
ูุงูุฃููุงู;2
99;2
ูุฐูู;2
ุณูุฌุงุฑุงุช;2
ุงูุฑูุถูุง;2
ุนุฒ;2
ูุฑุชุฒูู.ุฎููู.ุฃูุชูุงุคูู;2
ููุฒูู;2
ุงูุญูุงุฉ;2
ููุฌุจ;2
ูููุฏุฉ;2
ุจุนุถูุง;2
ุฏููู;2
ููุฏู;2
ุชุญุชู;2
ุงูููุงุตุจ;2
ุฎุฑุงุจ;2
ุฃุชุจูุนูุง;2
ุงููุดุฆูู;2
ุชูุดู;2
ููุงุชููููู..ุงูููู;2
ุฏููุงูุฏ;2
ุนุงูู;2
ูุบูุฑู;2
ุงูุญูุงุธ;2
ุงูุนุณูุฑูู;2
ุชุนุงุฏูู;2
ุณูููู;2
ุนุฑุจูุง.;2
ูุจูุฑ;2
ุชูุนุฏู;2
ูุชุจ;2
ูุฑูุฒูุง;2
ุงูุณูููุทุฉ;2
ุนุจุงุณ;2
ูููู;2
ุณูุทูุง;2
ุญูุฑุงุก;2
ุงููุงุฆู;2
ุงูููู;2
ูุงุฆูุง:;2
ููุงูุงููุง;2
ูุฐู;2
ูุนุฏููุฉ;2
ุฒุงู;2
ุตูู;2
ูุนุฑููุฉ;2
ุชุญุฏูุฏ;2
ุงูุชุตููู;2
ุงูุงูุฑููุงู;2
ุงุบุจูุงุก;2
ููุตุฑ;2
ููุงุฏุฉ;2
ุงุฑุญูููุง;2
ุงูููุงูุฉ;2
ูุฑูู;2
ุชูุฐุจู;2
ูุงู;2
ููุงู...ุงูููู;2
ุจุณุฑู;2
ุฎุงูุกููู;2
ูุบูุฑูู;2
ุงููุฃูุฑูุถู;2
ุงูุงุตุญุงูู;2
ุงููุฃูุฑูุถู;2
ูุงูุฐูุฑ;2
ุณููุชู;2
ุงูุงุญุชูุงู;2
ุชูุฑูู;2
ูุฑุจ;2
ุฎูููุฑ;2
ุฒุงุฑ;2
ุงูุฌุฑุฉ;2
ุงูุตููุจุจู;2
ุดุฑ;2
ููููููููููู;2
ูุฑูุณูุง;2
ุจุงูุตูุงููุฉ..ุงูููู;2
ุณุฌุงุฆุฑ;2
ุงูุฃูุฑ;2
ูููููุง;2
ุณูุฏุงู;2
ุตุฑุงุฎ;2
ููููุฉ;2
ุชุนุทู;2
ุงููุฑุญูู;2
ุตุงุญุจู;2
ุนูุฏูุง;2
ุบุจูุง.;2
ุฒู;2
ุญููู;2
ุณุช;2
ุงูุญุฏูุฏ;2
ูุงููุงููู;2
ุฌูุฑุฌ;2
ุฃูุงุณ;2
ุจุทุจุนู;2
ุจุชุฑุงูุจ.;2
ูุงูุงููุณุงู;2
ุชูุฒู;2
ูุตูุตุฉ;2
ุจุฎูุฑ;2
ููุท.;2
ุงูููุฏู;2
ุงูุฃูู;2
ุจุญุงููุง;2
ุณูุณุงููู;2
ููุฉ;2
ุฌููู.;2
ููุณุฆุงู;2
ูุนุงุฑุถ;2
ูุฃูุฏูุง;2
ููุดุงูุฏูู;2
ูุญูู;2
ุงููุงุฑ;2
ุงูุงุณุชูุฑุงุฏ;2
ูุณุฑูููู;2
ูุฃุฎุชู;2
ุงูุฏุนุงุฑู;2
ูุณููุฉ;2
ููุท:;2
ูููุงุฐุง;2
ุณูุฉ.;2
ุงูุฅุฎูุงู;2
ูุชุตููุฑ;2
ุฑูู;2
ููุฏุนู;2
ููุฑุฒ;2
15;2
ุตุฏุนุชู;2
ุงูุจุนุฑุงู;2
ูุชุนุงููููู;2
1-;2
ููุฑู;2
ููู;2
ููุนู;2
ููุฌุฑุฏ;2
ุฅุจู;2
ููุณูุท;2
ุงูุฑุณูู;2
ููููู;2
ุงูุดุจุงุจ;2
ุนูุฏูุง;2
ูุณุฑููู;2
ุชุจุฑูุฑู;2
ุฏู;2
ูููุงู;2
ุงููุงุฆุฏุฉ;2
ูุงููุนุงูุฏุงุช;2
ููุฃุชู;2
ุจุณุจุจู;2
ููุฑุถุง;2
ููุนุตูุงู;2
ูุงูููุฑููุง;2
ุงุตุญุง;2
ููุนูู;2
ููุชุณุจุงุช;2
ููุชูุง;2
ูุชุฏููุฑ;2
ูุนููุง;2
ูุณูุงุณุฉ;2
ููุตุงุต;2
ุฏุฉ;2
ุชุญุตู;2
ูุงูุฏูู;2
ุจุงูุญูููุฉ;2
ุงููุฌุฏ;2
ุงูููุฑุช;2
ุงูุทูุงุฆู;2
ููุงุฌูุนููู;2
ููุฒ;2
ูุงุฑูู;2
ุซุงูู;2
ุงููุดูุญุฉ;2
ููุถูููู;2
ูููุงุทูุฉ;2
ุจุฏูุน;2
ูุฌููุน;2
ููุฌุญู;2
ุญู;2
ููุฌุฏ;2
ุฃูุฑุงููุง;2
ุงูููู;2
ูุญูููู;2
ูุณุชููู;2
ุจููู;2
ุจุงุฐู;2
ููุถุนุช;2
ุงูููุชูู;2
ููุน;2
ุฎูุฐูุชู;2
ุงููุทููุจ;2
ูุถูุน;2
ุจุงูุฃุณุจุงุจ;2
ูุชุนุฉู;2
ุฏุงุนูุฉ;2
ูุงููุง;2
ููุนุง;2
--;2
ููุจ;2
ุงูุชุนุจูุฑ;2
ูุชุฌุฑุฏ;2
ููุฅุฑูุงุจ;2
ุงููููุดูุงุช;2
ุงุฎููู;2
ุฅูุณุงุฏ;2
ูุณูุฏุฉ;2
ูุงูุดุงุฆูู;2
ุจุงุฑู;2
ููุญุฑุงุช;2
ูููุณููููุ;2
ุงูููููููู;2
ูุจูุงุชูุง;2
ุญุตู;2
ุงูุงุซุงุฑ;2
ููููุฑุงุช;2
ูุฃูููู;2
ุงููุฏู;2
ุชุฑูุน;2
ูุญุชู;2
ูุชุจุช;2
ูุชุชูููู;2
ุงูุฎุดุงุจ;2
ุงูุฒู;2
ุฌูุนูู;2
ุงููุตุฑูุฉ;2
ุนู...!!;2
ุฃุฑุงุถู;2
ูุชูุจููุง;2
ุณุงุฑู;2
ุฌุงุฆุน;2
ุงููุจุฑู;2
ูููููู;2
ุงููุงูู;2
ูููู\;2
ุญูุงุชูู;2
ุจูุช;2
ูููู;2
ุจูุฏ;2
ุจุชูุฌูุฑ;2
ุจุงุณู;2
ูุงููุณูู;2
ุงุจุนุซ;2
ุชูุงุชููุง;2
ุงูููุถุฉ;2
ุจูุฑูุฉ;2
ูุงูุดุนุจ;2
ุนูุฑูุง;2
ูุนุฏูููุง;2
ุจุงูุชุญููู;2
ุงูุตุฑ;2
ูุญุงุณุจ;2
ุฃุบุจู;2
*";2
ูุชููู;2
ุญุฑู;2
ููุฃุจู;2
ูุงุฆู;2
ุงูุตุญ;2
ูุฑูุถุฉ;2
ูุทุงุจูู;2
ุงูุณูู;2
ูุงูุฑุคูุง;2
ููุชู;2
ุงูุฏููููู;2
).;2
ุงููุณุชูุฏู;2
ููุฐุง;2
ุจู;2
ููููุงู;2
ุงุชุฑุงูุจ;2
ุณูููุฉ;2
ุงูุฏูุฉ;2
ุงูุฌุฏูุฏุฉ;2
ูุณูุฑูุง;2
ุญุฑุจูู;2
ุจุณ;2
ุงูุทุงุฆูุฉ;2
ุฑุคูุณุง;2
ููุงูุดูุฑ;2
ููุณู;2
ูุจุนุฏ;2
ุนููููุง;2
ุงูุญุณูููุงุช;2
ุจุช;2
ุจุง;2
ุญุฏุซุชูู;2
ูููุงูุคู;2
ุงููููุณูู;2
ุงูููุฏุณุฉ;2
ุณุงุฆุฑ;2
ุชุนูู;2
ููููู;2
ุงูุฃูููุงุช;2
ุงูุซูุฑุฉ.;2
ููุฏ;2
ููุงุถุน;2
ุงุฎ;2
ุชุทุงูุฑ;2
ุฎุฐูุง;2
ูุฒุฏูุฌ;2
ูุณุฑุญูุฉ;2
ูุงูุฏูุงุฑ;2
ุจูุ;2
ูุฅุดุชุฑุงูููู;2
ุชููููุง;2
ุนูุฏ;2
ุงูุณุฑู;2
ุญุฏุจ;2
ุงุฎูุงููุง;2
ูุฎุฑุฌ;2
ุชุนูู;2
ูุฎุฑุจ;2
ูููุฌุงูุฏ;2
ุญูุณุฑููุง;2
ูุทุน;2
ุฑุถุง;2
ุชูุฑู;2
ุฑุงููุง;2
ููุฏุนููู;2
ุจุทูุฆุง;2
ุงุฎูุงููู;2
ูุฃูู;2
ูุณุนูู;2
ุงูุตููููู;2
ูุบูุฑ;2
ุงูุนููุงุก;2
ุงูุฑู;2
ุจูู;2
ูุธุงูุฑุงุช;2
ูุงููุณุคูููู;2
ุงูุฑุงุนู;2
ูููุฏุงู;2
ุฅุนุงุฏุฉ;2
ูุทุจ;2
ุงูุฏูููุฉ;2
ูุณุชูุจู;2
ุฏูููุฑ;2
ุจูุฏ;2
ุงูุณุฑู;2
ุนูุง;2
ูุซููุง;2
ูุงุณุชุทุนุชู;2
ุนูู;2
ูุงุญูุฉ;2
ูุชุฏููุณู;2
ูุณุจู;2
ุงูุงุบููุงุก;2
ูุงูุงูู;2
ููุตุฑ;2
ูุญุชุฑููุง;2
ูุตู;2
ูููู;2
ููุนุชูู;2
ุญูุงููู;2
ุชุบููุฑ;2
ููุฐู;2
ุจุฏุณุชูุฑ;2
ููุฎูููุจู;2
ุงููููู;2
ุนูุง;2
ุงูุงูููู;2
ุนูู;2
ููุต;2
ุงูููุฑุฌูู;2
ุงููุณุฎู;2
ุญุชู;2
ูุฒูู;2
ูุณุชููุฉ;2
ุงุฌูุน...;2
ูุงุญุชุณุจููุง;2
ุงููุถุงุก;2
ุงููุตุงุฑู;2
ุชุฏุนูู;2
ูุจุงูู;2
ูุนุฏู;2
ุงูุงูู.;2
ุฌุจููู;2
ุจุงูุชูุงุฒ;2
ุงูุนุตุงุจุงุช;2
ุณููุชุตุฑ;2
ูุจุฏุฃ;2
ุตูุงููุฉ;2
ุจุงููุงู;2
ุงูุญุฑูุงู;2
ุณูุฆุงุชูู;2
ุงุญุชูุงู;2
ุฑุฌููุง;2
ูุงุถู;2
ุงุบุชูุงูู;2
ูุงูุนุฑุงู;2
ุจุฌุงูุจ;2
ูุตูุบูู;2
ุจุฑฺฉูุูู;2
ูุงุนุชุจุงุฑูุง;2
ูููุฑ;2
ุนุจูุฑู;2
.....ูููู;2
ุจุณูุฏ;2
ููุญุงูู;2
ุงูุงุฐูุจ;2
ูุตูุญุชู;2
ููุจูุง;2
ููุฃูููููุง;2
ุงุญุจุงุจ;2
ุจุบูู;2
ูููู;2
ุณุฑูุงููุง;2
ูุนูููุฉ;2
ุฃูุฑููู;2
ุงูููุฒู;2
ูุทุจุฎ;2
"ุชูุงุฏ;2
ูุจุงูู..;2
ูุชุฑูุฏูู;2
ูููุฑ;2
ุฏูููู;2
ูุงุตุจุญ;2
ุงูุณูุฏุฉ;2
ูููุงุฐุง;2
ุฌูุฉ;2
ุฌูุน;2
ููุนู;2
ุฌูุณ;2
ุงูุญุงุก;2
ููุถู;2
"ูููู;2
ุงูููุงู;2
ูุงุฌุฑุงููุง;2
ูุชูุชู;2
ุฌูุญ;2
ุฃุญุฏูู;2
ุงุฏุฑู;2
ููุฏูู;2
ุญุงููุง;2
ุนูููุง;2
ูุงูููุงู;2
ุนููุด;2
ุนุจุงุฑู;2
ููููุง;2
ุนุดุงู;2
ููุงูู;2
ุงููุทู;2
ุฑุญู;2
ุงููุชุญุฏู;2
ุฃูุฑููุง;2
ุงููุฌุชูุน;2
ุงูุชุฎุงุจูุฉ;2
ุซูุฑุฉ.;2
ุฅุนุฏุงุฏ;2
ุฌูุฏ;2
ูููุนุฉ;2
ูุงุงุฑุถุงุกุงููููุฏูุงููุตุงุฑุง;2
ููุถูุนูุฉ;2
5-ุนููู;2
ุจุชุฑูุจ;2
ุฏูููุฑุงุทูู;2
ุจุชุงุน;2
ุจุงุณุชูุฑุงุฑ;2
ูุณุชูุจููุง;2
ุจูุนูุง;2
ูุตูุฏุฉ;2
ุชุญุฑูุฑูุง.;2
ููุฏูุง;2
ุนููููู;2
ุฃูุชู;2
ูุบุงุฏุฉ;2
ูุฐูู;2
ุฑูุญุง;2
ูุบูุฑูุง;2
(ุงูุญูุฑ;2
ุงููุงุฐูุฑุงุช;2
ูุญูููู;2
ุงููุฌูุณ;2
ุงูุณุฎููุฉ;2
ูุตู;2
ุจุฃููู;2
ูุทูุจ;2
ูุงุฑุจู;2
ูุณุคู;2
ุฃุญูุงุฏ;2
ุงุทูุฑ;2
ุงูููุงูุงุช;2
ูุงููุงุณุฏ;2
ูุณุฆูููุฉ;2
ูุงูุงูุฉ;2
ุณููุฏุงู;2
ุงูุนูููุฉ;2
ุชุฌุงุฑ;2
ุบูุงุก;2
ููุฐูู;2
ููููู;2
ุญุฑุจุง;2
ููุงุฒุนุฉ;2
ูุชุทุฑู;2
ุฅูููุงุจุงู;2
ุงูุฏููุงุฑุงุช;2
ุชูุนูุฉ;2
ุฑุตูุฏู;2
ูุงูุณุจ;2
ูุฑุณู;2
ููุทุงุก;2
ุฐูู;2
ุงููุงูุน.;2
ููุตุฏ;2
ุนุธู;2
ุฑุจุน;2
ุฎูููุฉ;2
ุจุทููุง;2
ูุณุงุฆู;2
ููุฏุนูููู;2
ุงูุงูุถูุงู;2
ูุธููุฉ;2
ุญูููุง;2
ุจุฃููู;2
ุฑุจู;2
ูุญุชุงุฌ;2
ุณูุนุชู;2
ูููุนูู;2
ููุตููุญูุง;2
ูุงุฌูุฒู;2
ุจููุง;2
ูุนูู;2
ูุชู;2
ูุงูุฌุฒูุฑ;2
ููุชุตุฑุงููุถููู;2
ูุงุฑููู;2
ูุฌุฏุชู;2
ูุฐุงููุุุุุุุุ;2
ุนุทู;2
ูุนุฒ;2
ูุญููููุง;2
ูุนุฏ;2
ูุชุฑุฌููู;2
ูููุงุก;2
ููุธูุงุช;2
ุงูุฏุณุชูุฑ;2
ุตุฏู;2
ุงูุณุช;2
ุงููุณุงุนุฏุฉ;2
ุจุญูู;2
ูุฏุจุ;2
ุฐูุจ;2
ุงูุณูุนุงุฏูุฉ;2
ุญุฑููุง.;2
ุณูููุฉู;2
ุชุณุงูุฏ;2
ูุฃุทุฑูุช;2
ููุดุชุฑู;2
ุงููุตุฑููู;2
ูููุฉ;2
ุงูุบุงูุจูู;2
ุงููุฑููุฉ;2
ูุดูุงุทูู;2
ุงูุขูุฉ:;2
ูุงุฐูุจูุง;2
ูุงุฑุงู;2
ูุงูุจุฑู;2
ุจุงูุซูุฑุฉ;2
ุงูุจุงูู;2
ุงูุณุงูุท;2
ูุฌูู;2
ุฒูุฒู;2
ุงูุณููุณุฑูุฉ;2
ุฐูุจ;2
ุงููุดูุฏ;2
ูุจุงุคูุง;2
ููู;2
ููู;2
ูููุงุฑุซุฉ;2
ูุธู;2
ูุณุชุบููู;2
ุชุฃุชู;2
ููู;2
ุชุฃุซุฑ;2
ูุงูุชุฑุฌูู;2
ุชูุณูุง;2
ุจุณูุงุณุชุฉ;2
ุฑุฌุงู;2
ูุงุบุชุตุจ;2
ูุตูุฑ;2
ูุงุน;2
ุดุฑููุงูููุฏูู;2
ุณุฃุนุทูู;2
ุชุณุงูุช;2
ููุชุงุจุน;2
ุชุฏููุฑูู...ุงูููู;2
ุงููุคุจุฏ;2
ูุฅุณุฑุงุฆูู;2
ุฅุนูุงููุฉ;2
ููู;2
ุงูููุธ;2
ุงูููุชุฎุจ;2
ูููููุง;2
ูุตูุฑูู;2
ุงููุนุฑู;2
ูููุฒ;2
ูุณุงุฏ;2
ูุฐูุจ;2
ุนุตุง;2
ุนุงูููุฉ;2
ูุฑุงู;2
ุงูุชุงุฑูุฎ;2
ุฏุฑุงุณุชูู;2
ุงููููุณุฉุงูุฑูุณูุฉ;2
ููุดูุง;2
ุฅุณุชุถุงู;2
ุงุชูู;2
ุงููุงููุฉ;2
ูุนูู;2
ุฏูููุฑุงุทูุฉ;2
ุฌุฒุกุงู;2
ุชูููุช;2
ุฎููู;2
ุงุนุชูุงูู;2
ุงูุนุฑุจู.;2
ุงููุฏูู;2
ุฃุนุฏุงุก;2
ุงูููุชูุฑู;2
ููุณุทูู;2
ุฎุทูู;2
ุฑุฃู;2
ุฃูููุง;2
ุดูู;2
ุงูุนูุงูุงุช;2
ุฃูุชู";2
ูุชุนูุด;2
ุงูููุ;2
ููุดุงูุฎ;2
ูุงูุนูุงุฐ;2
ุฑุฃู;2
ูุนูู;2
ููุฏุฑุฌ;2
ูุตุตุชู;2
ููุทู;2
ููููุน;2
ุงูุดุงุจ;2
ุงููุณุชูู;2
ูุชุฉ;2
ูุฏุงุนุด;2
ุงูุฎููู;2
ุจุฑููุงู;2
ุฑุขู;2
ุฃู;2
ุงูุณูุน;2
ุณุงุฏูุง;2
ุฅุญุฏู;2
ุฌุนู;2
ููุจููู;2
ุชุฑููุง;2
ููุง!!..;2
ููุจููู;2
ุงููููู;2
ููุตุจ;2
ุงุณุชุฏุงุฑ;2
ูุชูู;2
ุดูู;2
ุงูู;2
ุดูุก;2
ูููุจูู..ุงูููู;2
ุนุฑู;2
ุณูู:;2
ุฅุณุฑุงุฆูููุฉ;2
ููุท;2
ููุตุฑ;2
ูููุชูู;2
ุงูุงุจุชุฏุงุฆูู;2
ุงููุงู;2
ููุตุญ;2
ููุงูุช;2
ูุจุงุฏุฆูู;2
ูุงูุฏููุฉ;2
ูุฃููููุง;2
ุฃุณูุญ;2
..ุณูู;2
ุชุดุฑูุนูุฉ;2
ุงููููุฉ;2
ุดุฆ;2
ูุงุตุญู;2
ุฃูู;2
ุชุฎุฏุดูุง;2
ุซูุงุฑูุง;2
ุฃูู;2
ููุชู;2
ุงูุณูููุชู;2
ุจุฏู;2
ุนุฑุจ;2
(ุชูููุฑ;2
ุงูููุงู;2
ูููุนู;2
ุจูุชุงุจุนุชูู;2
ุถูููุง;2
ูุดุชุนูู;2
ูุงูุนุจุงุฏ;2
ุณุชุฃููู;2
ุชููู;2
ุงููููุฉ;2
ุฏุฎูู;2
ูุฏุจุจ;2
ุงูุณุจุจ;2
ูุจู;2
ูุธููุฑ;2
!!..;2
ุชุนุฌุจ;2
ุงูููุฒุงู;2
ุงูุฏูููุฑุงุทููู;2
ูุงูุชุญุฑูุถ...ุงูุนุงูููู;2
ุณูุฏุฉ;2
ููููุงููุฉ;2
ูุงุฑูุงุจู;2
ุจูุงุฏ;2
ูุดุงูุฎ;2
ุณููู;2
ูุณุงุนุฏ;2
ุงูุนุทุงุฑ;2
ุงุญูุงุฏ;2
ููู;2
ุงูุธููุฉ;2
ุงูุฌููุน;2
ูุชุงู;2
ุจุชุตููุชูู;2
ุตูุฑุชู;2
ูููู;2
ููุทููู;2
ูุนูุฏูุง;2
"ูุงุฐุง;2
ุนุฏุฉ;2
ูููุงุชูุง;2
ูุฅุฑุดุงุฏ;2
ููุถุฉ;2
ูุณุชุจุนุฏ;2
ุนุฑุถูุง;2
ูุงูุตูุงู;2
ุนุณุงูุฑ;2
ูููุฏูุฉ;2
ุงูุนุตุงุจุฉ;2
ุงุนุฒูุง;2
ููู;2
ููุณุชูุฑุฉ;2
ูุฎุชูู;2
ุฌููู;2
ููุฐ;2
ูุนุตุงุจุชู;2
ุงูู;2
ูููููู;2
ุณูุฏุงุช;2
ุฃูู;2
ููุฐูุง;2
ุงูุตุฑุงุท.;2
ูุงูุฒูุงู;2
ูุงููุณูููู;2
ูุงุณ;2
ูุงุฑ;2
ุงูุถุฑูู;2
ุชุทูุนูุง;2
ุจุงูููุฑุฉ;2
ููุน;2
ุณุฑูุงุชูู;2
ุงูุดุงุนุฑ;2
ุฌุณุฑ;2
ุงูุจุงููุฉ;2
ุงูุฏ;2
ูููููุฉ;2
ุงููุญูุฏ;2
ุงูุฒูุง;2
ุงูุฒูู;2
ูุณูู;2
ุงูุฉ;2
ูุณุคูู;2
ุงุฏูู;2
ูุดุนุจ;2
ูุขุฐุงู;2
ุดูู;2
ุงุนูุงููู;2
ุฃูุซุฑ..ุงูููู;2
ุงูุดุฏูุฏ;2
ุณุชูุฏุญุฑูู;2
ููุณุฎุฑ;2
ุุ;2
ุจุฃุฑุฎุต;2
ุฑุคุณูู;2
ุงูุดูุทุงููุฉ;2
ุชุตุจุญ;2
ูุงูุญุฑูุฉโ;2
ูุจุชุบูู;2
ููุซููู;2
..ุงุนูููุง;2
ูููุฏ;2
ุณูููู;2
ุงููุญุดุฑ;2
ุงููุตูุญุชูู;2
ุชุนุฑู;2
ุฑุณููู;2
ุชุจุฏู;2
ุงูุณุฌู;2
ููุฉ;2
ุงูู;2
ูุตุทูู;2
ูุฌุฏูุง;2
ููููู;2
ุจุฌูุงุนุงุชูู;2
ุนุงููุง;2
ุงูุฎููุฌ.;2
ุงูููุง;2
ุณุงุนุฏุช;2
ุงูุนูุฏู;2
ูุฏูู;2
ูุชุงุฎุฐูู;2
ูุญูุทุงูุจ;2
ุชูุชูุฏ;2
ูุนู;2
ุงููุบุฑุจ;2
ุจูุญู;2
ุงูุฑุงุจุนุฉ;2
ุจุงูุณุฌู;2
ุจุงู;2
ุฃูุถู;2
ุงูุถูุงุฆุฑ;2
ุฏุงุฆูุงู;2
ูุดุชุฑู;2
ุฐูููุฑ;2
ุธููู;2
ุงูุนูุงุก;2
ุชุตููู;2
ูุฃุนูุงููู;2
ุจุงูุจููู;2
ุฎุงูู;2
ูุงูุณูุงู;2
ููุฏู;2
ุงูุงุฎููุฌูุฉ;2
ุฑุฌูู;2
ุญุฑุงูู;2
ุบูููุฑู;2
ุงูุฉ;2
ุงููู;2
ุนุงุฑ;2
ุบุฒูุง;2
ูุธุงูุฑ;2
ุงูุฎุทุงุจุงุช;2
ุฌูุฏุงู;2
ุงููุญุจู;2
ุงููุนู;2
ููุงุฑูุช;2
ููุธุชูู;2
ููุถู;2
โุงูุฌุฒูุฑุฉโ;2
ููุณูุงู;2
ุงูุฏูุชุงุชูุฑูุฉ;2
ุจฺฉู;2
ุณูุงุฏ;2
ุงูู;2
ุฃุทุงุนูู;2
ูุฃุฏูุดู;2
ุณูุงุก;2
ุดุฑุงุกูุง;2
ูุณุฑูู;2
ูุฃุจูุงูู;2
ููุนุงูู;2
ูููุฏ;2
ุณูุงู;2
ุงูุจุฑฺฉู;2
ููุฏููุฉ;2
ุจูุชุญุงุณุจ;2
ูุฑุถู;2
ุงุณุชุฎุฏู;2
ุงูุงูููู;2
ุจุงููุนุฑูู;2
ุชุนูุฏูุง;2
ุงูุฃูุงุฆู;2
ุงูุฏุงููู;2
ุงูุฃุฑุงุถูู;2
ุงูุฎูุฑ;2
ุงููุทู;2
ูุบูุฑู;2
ุงูุฒุงุฆูุฉ;2
ูุฑูุจุงู;2
ุฃูุฏููุง;2
....ููู;2
ูุณุชูุซุฑ;2
"๏ปฟ*;2
ููุงุฑุณูู;2
ูุงุฒุงูุช;2
ูุงุชุดุงู;2
ุฎููู;2
ุฃููุฑุ;2
ุงููู;2
ุงูุณุนูุฏูู;2
ูุนูุฏ;2
ูุงููู;2
ุฌุฏูุฏุฉ;2
ุงูุฅุทุงุฑ.;2
ุนุดุฑุฉ;2
ุฅููููููู;2
ูุฃุนุฏุงุก;2
ุนุฏูุง;2
ูุงูุฃุฑุถ.;2
ุฃุฎูุงู;2
ูุชุจุซูู;2
ูุงุชูุง;2
ูููู;2
ูุจุงูู;2
ุจุงูุฃูุนุงู;2
ุดุฑุนู;2
ุนุฏุงูู;2
ูุฎูู;2
ุชูุชูู;2
ุงูุตูุฑู;2
ูุณูู;2
};2
{;2
ูุนุงูููุง;2
ุงูุณุจุนุฉ;2
ุฃุนูุงู;2
ุชุนุจุช;2
ููุฌูุฉ;2
ูุชุฑุถูู;2
ูุชุนุทููู;2
ููููุงุช;2
ุชูุทูุฆ;2
ูุณุชุตูุญ;2
ูุนูุด;2
ููุฌูุจ;2
ูุฎุงูุกููู;2
ูููุฐูุง;2
ูุชูู;2
ุถููู;2
ุงุณูุน;2
ูุฒุงุฑ;2
ุงููุณูุญุฉ;2
_;2
ูุณูุง;2
ุนุงููุณูููู;2
ุดุนุจ;2
ูุฎุงุจุฑุงุชูู;2
ููููููู;2
ููุงุช;2
ูููุง;2
ุทูุนูุง;2
J;2
ุชูููุฑูู;2
ูุญูุชูู;2
ุญุฐุฑูู;2
ุดุงููู;2
ุชุฌุฑุญ;2
ูุฑุฒ;2
ุขูุงูู;2
ูููุฏุ;2
ููุงุฏู;2
7;2
6;2
ุงููุจุงุฑฺฉู;2
4;2
ุงูููุฏุงู;2
3;2
ูุงูุณุนูุฏูู;2
2;2
1;2
ูุงูุดุฑุทุฉ;2
ูุญุชุฑูุฉ;2
ุงูุฎุงุตุ!;2
ูุทุงุฑู;2
ุจูููู;2
ุชูุนู;2
%;2
ุงุณูุก;2
ุฏูููุง;2
ุงููู;2
ูููููุจููุง๐น;2
ุงูุฎูุฑ;2
ููุญูููู;2
ุงููุธุงูุฑุงุช;2
ุฐุฑูุน;2
ููุณุฑู;2
ุงูุฃุนูุงู;2
ูุคูุฏ;2
ุงูุดูุนูุฉ;2
ูููุงู;2
ุชูุซูููู;2
ุณุญุฑู;2
!!.;2
ุงููุนูู;2
ูุนุฑูุช;2
ูุชุฑุฌูุชูู;2
ูุฏูุชู;2
ูุตูู;2
ุจุฃุนูู;2
